title,location
Hoops Championship,Ankara
Midnight Jazz Lounge,Istanbul
Mystery Novel Club,Istanbul
Future Tech Expo,Izmir
Neon Beats Party,Ankara
Bohemian Art Market,Istanbul
Serenity Yoga Escape,Istanbul
Mountain Trail Adventure,Ankara
Vegan Gastronomy Class,Istanbul
Starlight Open-Air Cinema,Istanbul
Stone Carving Exhibit,Ankara
Global Lens Photo Gallery,Istanbul
Wilderness Photography Camp,Istanbul
Nomadic Explorers Meet,Istanbul
Cult Horror Film Fest,Ankara
Digital Business Forum,Istanbul
Derby Match Showdown,Istanbul
Street Dance Championship,Istanbul
Metro Marathon,Istanbul
Bestseller Author Hour,Istanbul
Pro Gaming Finals,Istanbul
Sustainable Living Talk,Istanbul
Quantum Theory Lecture,Istanbul
Grand Waltz Evening,Istanbul
Retro Console Convention,Izmir
Vintage Wine Social,Istanbul
Tropical Garden Tour,Istanbul
Cyber Shield Workshop,Istanbul
Contemporary Art Collective,Istanbul
Spice Festival Bazaar,Istanbul
LAN Party Mania,Istanbul
Symphony Under Moonlight,Izmir
Independent Film Debut,Istanbul
Wilderness Survival Class,Ankara
Latin Dance Night,Istanbul
Poetry & Jazz Evening,Ankara
Cosmic Observation Night,Izmir
Startup Pitch Arena,Istanbul
Urban Snapshot Walk,Istanbul
Dawn Yoga Flow,Istanbul
Intro to Yoga,Istanbul
Advanced Photo Editing,Istanbul
Smooth Jazz Night,Antalya
Marble Artistry Display,Antalya
Folk Art Exhibition,Trabzon
Literary Tea Circle,Izmir
Passionate Tango Night,Izmir
Elite Basketball Showdown,Istanbul
Author's Corner,Antalya
Next-Gen Science Fair,Istanbul
Plant-Based Cuisine Lab,Izmir
World Travelers Assembly,Ankara
Classical Orchestra Night,Ankara
National eSports Cup,Samsun
Sunset Beach Yoga,Antalya
Tech Venture Summit,Ankara
Cult Classic Movie Night,Istanbul
Aurora Photography Hike,Ankara
Royal Dance Gala,Eskisehir
Ultra City Marathon,Bursa
Exotic Greenhouse Tour,Antalya
Avant-Garde Art Forum,Denizli
Gaming LAN Center,Kayseri
Ancient Path Expedition,Antalya
Poetry Under Stars,Izmir
Urban Street Run,Gaziantep
Eco-Wise Living Seminar,Ankara
Samba Fever Night,Samsun
Local Derby Clash,Ankara
Retro Gaming Throwdown,Ankara
Highland Photo Safari,Malatya
Golden Hour Photo Walk,Antalya
Book Lovers Society,Ankara
Cyber Defense Conference,Antalya
Coastal Jazz Evening,Izmir
Urban Dance Battle,Gaziantep
Backcountry Skills Camp,Denizli
Majestic Ballroom Night,Antalya
Writer's Spotlight,Izmir
Seaside Marathon,Antalya
Modern Art Collective,Trabzon
Urban Beat Competition,Trabzon
Heritage Vegan Kitchen,Gaziantep
Global Nomads Meet,Izmir
Coastal Trekking Bootcamp,Antalya
Indie Film Festival,Samsun
Innovation Science Expo,Ankara
Classic Gaming Expo,Eskisehir
Premier Football Match,Istanbul
Experimental Art Space,Eskisehir
Sculptors Gallery,Kayseri
Electronic Music Night,Kayseri
Traditional Craft Market,Gaziantep
Nature Photography Masterclass,Gaziantep
Regional Basketball Cup,Malatya
Elite Hoops Tournament,Kayseri
Vintage Wine Gala,Antalya
Cyber Safety Hub,Izmir
Botanical Oasis Tour,Kayseri
Cult Cinema Night,Izmir
Jazz & Wine Night,Ankara
Capital City Run,Ankara
Tech Innovators Showcase,Ankara
Beachside DJ Party,Izmir
Global Street Food Fest,Izmir
Highland Hiking Adventure,Izmir
Independent Film Showcase,Ankara
Classical Concert Night,Antalya
Seaside Jazz Session,Izmir
Galactic Observation Night,Istanbul
Bronze Art Exhibition,Ankara
Theoretical Physics Talk,Ankara
Ethical Cooking Workshop,Izmir
Modern Art Exposition,Izmir
National Gaming Open,Ankara
Live Electronic Set,Istanbul
Flavor Festival,Ankara
Handmade Artisan Fair,Izmir
Landscape Photo Tour,Izmir
Literary Discussion Night,Ankara
Indie Cinema Weekend,Izmir
World Photography Exhibit,Istanbul
Cyber Protection Summit,Ankara
Startup Demo Day,Ankara
Outdoor Survival Guide,Ankara
Mindful Retreat,Istanbul
Starry Sky Watch,Istanbul
Yoga Fundamentals,Istanbul
Forest Exploration Hike,Istanbul
City Derby Match,Istanbul
Basketball Championship,Istanbul
Urban Dance Off,Istanbul
Indie Film Marathon,Ankara
Live Music Night,Istanbul
Gourmet Street Food Fest,Istanbul
Wine & Jazz Social,Istanbul
Travel Photography Expo,Istanbul
Innovation Tech Fair,Istanbul
Indie Film Premiere,Istanbul
City Center Marathon,Istanbul
Cutting-Edge Science Fair,Istanbul
Backpacker's Meetup,Istanbul
Regional Wine Tasting,Izmir
International Food Crawl,Istanbul
Indie Film Screening,Samsun
Science Innovation Expo,Istanbul
Sunset Soundwaves Party,Izmir
Gaming LAN Event,Istanbul
Live DJ Night,Istanbul
Salsa Dance Night,Istanbul
Digital Security Workshop,Izmir
Floral Paradise Tour,Kayseri
Late Night Horror Show,Izmir
Enchanted Ballroom Night,Istanbul
Thriller Movie Night,Istanbul
Spice Market Festival,Istanbul
Photography Workshop,Istanbul
Dunk Contest Showdown,Istanbul
Urban Hip-Hop Battle,Ankara
Sunset Wine Evening,Antalya
Cyber Resilience Meet,Istanbul
Metropolis Marathon,Istanbul
Botanical Wonderland Tour,Ankara
National Gaming Finals,Istanbul
Secret Garden Tour,Istanbul
Independent Film Gallery,Istanbul
Stone Art Exhibition,Istanbul
Green Living Conference,Istanbul
Wine & Jazz Soiree,Ankara
Experimental Art Show,Eskisehir
Beginner's Yoga Class,Istanbul
Sculpture Art Walk,Istanbul
Wanderlust Photo Contest,Istanbul
Nature Photo Workshop,Istanbul
Wine & Dine Night,Istanbul
Science Discovery Fair,Istanbul
LAN Gaming Festival,Istanbul